"audit_id","ui_tab","ui_section","displayed_field","field_class","source_authority","current_explanation","current_formula","google_sheets_formula_template","required_inputs","units","date_scope","rounding_rule","validation_tolerance","missing_data_behavior","methodology_assessment","severity","approved_target_methodology","implementation_source","validation_status","notes"
"CONVENTION-001","All","Audit conventions","Google Sheets formula convention","documentation","Calculations Audit","Formula templates begin with an apostrophe so Google Sheets imports them as readable text. Remove the apostrophe after creating the referenced Transactions, Prices, Returns, Quotes, Scenarios, or Simulations sheet.","N/A","'=SUM(1,1)","Referenced source tabs and columns","N/A","N/A","N/A","Exact text","N/A","Google Sheets compatible documentation convention.","Info","Keep formula templates as text in the audit; activate them only in a validation workbook.","Calculations Audit.csv","Approved","Currency checks use unrounded source values before display formatting."
"GLOBAL-001","All","Master controls","Selected portfolios","user-input","Streamlit session state","Controls which portfolios are included in applicable reports.","Scope = distinct selected portfolio IDs","'=FILTER(Portfolios!A:Z,COUNTIF(Selected_Portfolios!A:A,Portfolios!A:A)>0)","Portfolio IDs","IDs","Applied selection","N/A","Exact set equality","No selection is rejected when portfolios exist.","Appropriate scope control.","Low","Retain explicit applied scope.","streamlit_app.py:render_master_controls","Documented",""
"GLOBAL-002","All","Master controls","Custom Start","user-input","Streamlit session state","Confirmed all-time performance runs from inception through the latest complete confirmed valuation date, independent of Custom Start/End; any live overlay is separately labeled indicative with timestamp and provenance.","Start = applied master start date","'=DATEVALUE(Inputs!B2)","Applied start date","Date","Selected range","M/D/YY display","Exact date","Start after end is rejected.","Implemented approved methodology with independent reference tests; passing tests are not proof of methodology correctness.","Low","Retain; it must not change all-time gain/loss.","streamlit_app.py:render_master_controls","Implemented and tested","Confirmed all-time performance runs from inception through the latest complete confirmed valuation date, independent of Custom Start/End; any live overlay is separately labeled indicative with timestamp and provenance."
"GLOBAL-003","All","Master controls","Custom End","user-input","Streamlit session state","Confirmed all-time performance runs from inception through the latest complete confirmed valuation date, independent of Custom Start/End; any live overlay is separately labeled indicative with timestamp and provenance.","End = applied master end date","'=DATEVALUE(Inputs!B3)","Applied end date","Date","Selected range","M/D/YY display","Exact date","Start after end is rejected.","Implemented approved methodology with independent reference tests; passing tests are not proof of methodology correctness.","High","All-time must always end today; only range metrics use this date.","streamlit_app.py:render_master_controls","Implemented and tested","Confirmed all-time performance runs from inception through the latest complete confirmed valuation date, independent of Custom Start/End; any live overlay is separately labeled indicative with timestamp and provenance."
"LEDGER-001","Overview; Manage","Ledger reconstruction","Cash balance","ledger-derived","Canonical transaction ledger","Adds every transaction cash effect in date and ID order.","Cash_t = SUM(cash_delta_i for date_i <= t)","'=SUMIFS(Transactions!J:J,Transactions!B:B,""<=""&Inputs!B3,Transactions!A:A,SelectedPortfolioID)","Transaction date; portfolio; cash_delta","USD","Through valuation date","Database money precision; UI varies","$0.01 raw; $0.50 zero-decimal display","No transactions produces zero cash.","Strong source-of-truth design.","Critical","Retain canonical ledger calculation.","chat_alpaca/portfolio_service.py:replay_portfolio","Requires reconciliation","Validate every transaction type sign."
"LEDGER-002","Overview; Manage","Ledger reconstruction","Position shares","ledger-derived","Canonical transaction ledger","Opening positions and buys add shares; sells subtract shares.","Shares_s,t = SUM(opening_qty + buy_qty - sell_qty)","'=SUMPRODUCT((Transactions!E:E=Symbol)*(Transactions!B:B<=AsOfDate)*IF(Transactions!D:D=""Sell"",-Transactions!F:F,IF(REGEXMATCH(Transactions!D:D,""Buy|Opening""),Transactions!F:F,0)))","Symbol; type; quantity; date","Shares","Through valuation date","UI usually 2 or 0 decimals","0.00000001 shares raw","Missing transaction data makes reconstruction unreliable.","Strong.","Critical","Retain deterministic reconstruction.","chat_alpaca/reconstruction.py:_daily_for_portfolio","Requires reconciliation","Same-day order uses transaction ID."
"LEDGER-003","Overview; Manage","FIFO lots","FIFO sale reduction","calculated","Canonical transaction ledger","Sells consume oldest positive lots first; an excess creates a negative short lot.","Consumed_i = MIN(open_lot_shares_i, remaining_sale), oldest lot first","'=MIN(OpenLotShares,RemainingSaleQuantity)","Open lots ordered by acquisition and transaction ID; sale quantity","Shares","Sale date","Database quantity precision","0.00000001 shares","Insufficient long shares creates a short lot.","Correct FIFO mechanics; short controls are separate.","Critical","Retain FIFO. Add explicit short-position validation before enabling short trading.","chat_alpaca/portfolio_service.py:_reduce_fifo_or_short","Requires reconciliation",""
"LEDGER-004","Manage","Add/edit transaction","Calculated buy cash change","calculated","Transaction command","Buy notional and fees reduce cash.","CashDelta = -(Quantity*Price + Fees)","'=-(F2*G2+H2)","Quantity; price; fees","USD","Transaction date","$0.0001 internally/display editor","$0.01 accounting; formula exact to stored precision","Invalid or nonpositive position fields are rejected.","Correct.","Critical","Retain.","chat_alpaca/commands.py:calculated_trade_cash","Requires unit test",""
"LEDGER-005","Manage","Add/edit transaction","Calculated sell cash change","calculated","Transaction command","Sale proceeds less fees increase cash.","CashDelta = Quantity*Price - Fees","'=F2*G2-H2","Quantity; price; fees","USD","Transaction date","$0.0001 internally/display editor","$0.01 accounting; formula exact to stored precision","Invalid or nonpositive position fields are rejected.","Correct.","Critical","Retain.","chat_alpaca/commands.py:calculated_trade_cash","Requires unit test",""
"LEDGER-006","Overview; Compare","External flows","Transfers and cash adjustments","calculated-classification","Canonical transaction ledger","Awards are external contributions; quantity awards require stored fair value or affected gain and return outputs are unavailable.","ExternalFlow = cash_delta for transfer/cash_adjustment/award plus explicitly recorded quantity-award fair value","'=SUM(SUMIFS(Transactions!J:J,Transactions!D:D,{""Transfer"",""Cash Adjustment""},Transactions!B:B,AsOfDate))","Type; cash_delta; date","USD","Relevant performance period","Raw","$0.01","None defaults to zero.","Implemented approved methodology with independent reference tests; passing tests are not proof of methodology correctness.","Critical","Include awards as external flows.","chat_alpaca/reconstruction.py:EXTERNAL_FLOW_KINDS","Implemented and tested","Awards are external contributions; quantity awards require stored fair value or affected gain and return outputs are unavailable."
"LEDGER-007","Overview; Compare","External flows","Opening-position contribution","calculated-classification","Canonical transaction ledger","Contributed opening assets are removed from gain and TWR.","OpeningAssetFlow = opening quantity*opening price","'=SUMPRODUCT((Transactions!D:D=""Opening Position"")*Transactions!F:F*Transactions!G:G)","Opening quantity; price","USD","Opening transaction date","Raw","$0.01","Missing quantity or price prevents the flow calculation.","Correct.","Critical","Retain.","chat_alpaca/reconstruction.py:_opening_asset_flow","Requires reconciliation",""
"LEDGER-008","Overview; Compare","External flows","Awards","calculated-classification","Canonical transaction ledger","Awards are external contributions; quantity awards require stored fair value or affected gain and return outputs are unavailable.","AwardExternalFlow = cash_delta + quantity * explicitly recorded fair value","'=SUMIFS(Transactions!J:J,Transactions!D:D,""Award"",Transactions!B:B,AsOfDate)","Award cash_delta; date","USD","Relevant performance period","Raw","$0.01","No awards equals zero.","Implemented approved methodology with independent reference tests; passing tests are not proof of methodology correctness.","Critical","Treat every award as an external contribution and exclude it from gain, total return, and TWR.","chat_alpaca/reconstruction.py; chat_alpaca/analytics.py","Implemented and tested","Awards are external contributions; quantity awards require stored fair value or affected gain and return outputs are unavailable."
"VALUE-001","Overview; Forecast; Hypothetical","Valuation","Confirmed holding market value","calculated","Ledger plus confirmed market data","Values shares using split-adjusted, non-dividend-adjusted confirmed closes.","HoldingValue_s,t = Shares_s,t*Close_s,t","'=SharesCell*INDEX(FILTER(Prices!C:C,Prices!A:A=Symbol,Prices!B:B<=AsOfDate),ROWS(FILTER(Prices!C:C,Prices!A:A=Symbol,Prices!B:B<=AsOfDate)))","Shares; symbol; confirmed close","USD","Common confirmed valuation date","Raw; UI usually $0","$0.01 raw; $0.50 displayed","Missing required price makes valuation incomplete.","Correct adjustment prevents dividend double counting.","Critical","Retain.","chat_alpaca/analytics.py:portfolio_valuation","Requires reconciliation",""
"VALUE-002","Overview","Valuation","Common valuation date","calculated","Confirmed market data","Uses the oldest latest-date among all held symbols so the total does not mix closing dates.","CommonDate = MIN(latest confirmed date for each active symbol)","'=MIN(MAP(ActiveSymbols,LAMBDA(s,MAX(FILTER(Prices!B:B,Prices!A:A=s,Prices!B:B<=AsOfDate)))))","Held symbols; price dates","Date","At or before requested end","Date","Exact date","Any completely missing symbol makes common date unavailable.","Strong conservative choice.","Critical","Retain and disclose stale symbols.","chat_alpaca/analytics.py:portfolio_valuation","Requires reconciliation",""
"VALUE-003","Overview","Portfolio value and gain/loss","Selected Totals","calculated","Ledger plus confirmed market data","Adds selected cash and complete holding values.","TotalValue = SUM_p(Cash_p + SUM_s HoldingValue_p,s)","'=SUM(SelectedPortfolioCash)+SUM(SelectedHoldingValues)","Selected portfolio cash; holding values","USD","Confirmed common date or indicative quote time","$0 display","$0.01 raw; $0.50 display","Any incomplete selected portfolio returns unavailable.","Strong complete-or-unavailable rule.","Critical","Retain.","chat_alpaca/reports.py:assemble_combined_performance_report","Requires reconciliation",""
"VALUE-004","Overview; Forecast","Valuation fallback","Cost basis plus cash","calculated-fallback","Ledger FIFO lots","When prices are wholly unavailable, adds current remaining-lot basis and cash.","Fallback = Cash + SUM(CurrentLotShares*UnitBasis)","'=CashCell+SUMPRODUCT(OpenLots!Shares,OpenLots!UnitBasis)","Cash; remaining lots; unit basis","USD","Current ledger state","$0 display","$0.01 raw; $0.50 display","Shown only under disclosed price failure.","Valid planning fallback, not economic value.","High","Retain explicit label; never present as market value.","chat_alpaca/portfolio_service.py:portfolio_cost","Requires reconciliation",""
"PERF-001","Overview","Portfolio value and gain/loss","Daily gain/loss","calculated","Ledger reconstruction","Awards are external contributions; quantity awards require stored fair value or affected gain and return outputs are unavailable.","DailyGain_t = Value_t-Value_(t-1)-ExternalFlow_t","'=CurrentValue-PriorValue-ExternalFlow","Two consecutive complete values; external flows","USD","Latest completed sessions or live mark versus prior close","$0 display","$0.01 raw; $0.50 display","Unavailable when complete consecutive values do not exist.","Implemented approved methodology with independent reference tests; passing tests are not proof of methodology correctness.","Critical","Awards must be included in external flow.","chat_alpaca/reconstruction.py:_daily_for_portfolio","Implemented and tested","Awards are external contributions; quantity awards require stored fair value or affected gain and return outputs are unavailable."
"PERF-002","Overview","Portfolio value and gain/loss","All-time gain/loss","calculated","Ledger reconstruction","Confirmed all-time performance runs from inception through the latest complete confirmed valuation date, independent of Custom Start/End; any live overlay is separately labeled indicative with timestamp and provenance.","ConfirmedAllTime = SUM(DailyGain from inception through latest complete confirmed valuation date)","'=SUMIFS(DailyPerformance!Gain:Gain,DailyPerformance!Date:Date,""<=""&TODAY())","Inception ledger; all required closes through today; today quote overlay policy","USD","Inception through today","$0 display","$0.01 raw; $0.50 display","Unavailable if complete reconstruction cannot be produced.","Implemented approved methodology with independent reference tests; passing tests are not proof of methodology correctness.","Critical","Always end today regardless of Custom End. Use confirmed close plus permitted indicative overlay under existing freshness rules.","chat_alpaca/analytics.py:portfolio_gain_loss; chat_alpaca/reports.py","Implemented and tested","Confirmed all-time performance runs from inception through the latest complete confirmed valuation date, independent of Custom Start/End; any live overlay is separately labeled indicative with timestamp and provenance."
"PERF-003","Overview","Portfolio value and gain/loss","Custom gain/loss","calculated","Ledger reconstruction","Sums flow-adjusted daily gains over the inclusive applied range.","CustomGain = SUM(DailyGain_t for Start<=t<=End)","'=SUMIFS(DailyPerformance!Gain:Gain,DailyPerformance!Date:Date,"">=""&CustomStart,DailyPerformance!Date:Date,""<=""&CustomEnd)","Daily gain series; applied dates","USD","Applied inclusive range","$0 display","$0.01 raw; $0.50 display","Requires a confirmed close before Custom Start.","Correct.","Critical","Retain as the user-controlled historical period metric.","chat_alpaca/analytics.py:portfolio_gain_loss","Requires reconciliation",""
"PERF-004","Overview","Portfolio table","Combined metric","calculated","Per-portfolio results","Sums only when every selected portfolio has a value.","CombinedMetric = SUM(Metric_p) if COUNT(Metric_p)=selected count, else NA","'=IF(COUNT(MetricRange)=SelectedCount,SUM(MetricRange),NA())","Per-portfolio values; selected count","Metric-dependent","Same as component metric","Same as component","Same as component","Returns unavailable on partial coverage.","Strong.","Critical","Retain.","chat_alpaca/reports.py:_summed","Requires unit test",""
"PERF-005","Overview; Compare","Performance return","Daily total return","calculated","Ledger reconstruction","Awards are external contributions; quantity awards require stored fair value or affected gain and return outputs are unavailable.","r_t = DailyGain_t/Value_(t-1)","'=IF(PriorValue=0,NA(),DailyGain/PriorValue)","Daily gain; prior value","Decimal return","Trading day","Raw","0.000001 absolute","Unavailable for zero or missing prior value.","Implemented approved methodology with independent reference tests; passing tests are not proof of methodology correctness.","Critical","Awards must be external flows.","chat_alpaca/reconstruction.py:_daily_for_portfolio","Implemented and tested","Awards are external contributions; quantity awards require stored fair value or affected gain and return outputs are unavailable."
"PERF-006","Overview; Compare","Performance return","Time-weighted return","calculated","Ledger reconstruction","Awards are external contributions; quantity awards require stored fair value or affected gain and return outputs are unavailable.","TWR = PRODUCT(1+r_t)-1","'=PRODUCT(1+FILTER(Returns!C:C,Returns!A:A>=StartDate,Returns!A:A<=EndDate))-1","Daily flow-adjusted returns","Decimal return","Selected period","Raw","0.000001 absolute","Missing daily values are not silently zero-filled except internal first-period neutral handling.","Implemented approved methodology with independent reference tests; passing tests are not proof of methodology correctness.","Critical","Awards must be external flows.","chat_alpaca/reconstruction.py:_daily_for_portfolio","Implemented and tested","Awards are external contributions; quantity awards require stored fair value or affected gain and return outputs are unavailable."
"RISK-001","Overview; Holdings","Alpha/Beta","Observations","calculated","Aligned portfolio or holding and SPY total-return data","Counts overlapping finite daily return pairs.","N = COUNT(aligned non-null asset and SPY returns)","'=COUNT(FILTER(AssetReturns,ISNUMBER(AssetReturns),ISNUMBER(SPYReturns)))","Asset returns; SPY returns; dates","Count","Applied range","Integer","Exact count","Alpha and Beta unavailable below 60.","Appropriate minimum gate.","High","Retain; consider a longer preferred window disclosure.","chat_alpaca/analytics.py:alpha_beta_from_returns","Requires reconciliation",""
"RISK-002","Overview; Holdings","Alpha/Beta","Beta","calculated","Aligned returns","Measures covariance with SPY divided by SPY variance.","Beta = COVARIANCE.S(R_asset,R_SPY)/VAR.S(R_SPY)","'=COVARIANCE.S(AlignedAssetReturns,AlignedSPYReturns)/VAR.S(AlignedSPYReturns)","At least 60 aligned returns","Ratio","Applied range","2 decimals display","0.000001 raw; 0.005 displayed","Unavailable below 60 or when SPY variance is nonpositive.","Standard market-model beta.","High","Retain.","chat_alpaca/analytics.py:alpha_beta_from_returns","Requires reconciliation",""
"RISK-003","Overview; Holdings","Alpha/Beta","Annualized market-model intercept, RF assumed 0%","calculated","Aligned returns","Displayed label is Annualized market-model intercept, RF assumed 0%.","DailyAlpha = AVERAGE(R_asset-Beta*R_SPY); Alpha=(1+DailyAlpha)^252-1","'=POWER(1+AVERAGE(AlignedAssetReturns-BetaCell*AlignedSPYReturns),252)-1","Aligned returns; Beta","Decimal return","Applied range","2 decimal percentage display","0.000001 raw; 0.005 percentage points displayed","Unavailable below 60 or invalid benchmark variance.","Implemented approved methodology with independent reference tests; passing tests are not proof of methodology correctness.","High","Label or documentation must state zero-risk-free-rate market-model intercept.","chat_alpaca/analytics.py:alpha_beta_from_returns","Implemented and tested","Displayed label is Annualized market-model intercept, RF assumed 0%."
"HOLD-001","Overview","Exact holdings","Shares","ledger-derived","FIFO lots","Adds remaining shares by symbol or displays the individual lot shares.","SummaryShares = SUM(CurrentLotShares for symbol)","'=SUMIFS(OpenLots!Shares,OpenLots!Symbol,Symbol)","Open lots","Shares","Current ledger state","Summary displayed 0 decimals; lot table 0 decimals","0.00000001 raw","No open lots means absent row.","Raw calculation is correct; zero-decimal display can hide fractional shares.","High","Display sufficient fractional precision when fractional holdings exist.","chat_alpaca/analytics.py:consolidated_holdings","Review suggested",""
"HOLD-002","Overview","Exact holdings","Average cost / share","calculated","FIFO lots","Weighted unit basis of current remaining lots.","AverageCost = SUM(LotShares*UnitBasis)/SUM(LotShares)","'=SUMPRODUCT(FILTER(OpenLots!Shares,OpenLots!Symbol=Symbol),FILTER(OpenLots!UnitBasis,OpenLots!Symbol=Symbol))/SUMIF(OpenLots!Symbol,Symbol,OpenLots!Shares)","Current lots","USD/share","Current ledger state","$0.00 display","$0.0001 or stored precision","Unavailable at zero net shares.","Correct for ordinary long positions.","High","Disclose behavior for mixed long and short lots.","chat_alpaca/analytics.py:consolidated_holdings","Requires reconciliation",""
"HOLD-003","Overview","Exact holdings","Cost basis","calculated","FIFO lots","Adds current remaining-lot basis.","Basis = SUM(LotShares*UnitBasis)","'=SUMPRODUCT(FILTER(OpenLots!Shares,OpenLots!Symbol=Symbol),FILTER(OpenLots!UnitBasis,OpenLots!Symbol=Symbol))","Current lots","USD","Current ledger state","$0 display","$0.01 raw; $0.50 display","No lots means absent row.","Correct remaining basis.","Critical","Retain.","chat_alpaca/analytics.py:consolidated_holdings","Requires reconciliation",""
"HOLD-004","Overview","Exact holdings","Current","market-data-passthrough","Resolved confirmed prices","Latest available split-adjusted close for the symbol.","CurrentPrice = latest confirmed close on or before available end","'=LOOKUP(2,1/((Prices!A:A=Symbol)*(Prices!B:B<=AsOfDate)),Prices!C:C)","Symbol; prices; date","USD/share","Latest available confirmed date","$0.00 display","Exact resolved observation; $0.005 display","Unavailable if no price.","Correct source resolution; may differ in date across table rows.","High","Disclose price date per symbol or enforce common-date table mode.","chat_alpaca/analytics.py:_price_on_or_before","Review suggested",""
"HOLD-005","Overview","Exact holdings","Value","calculated","Shares plus price","Current open shares times current price.","Value = Shares*CurrentPrice","'=SharesCell*CurrentPriceCell","Shares; current price","USD","Price date","$0 display","$0.01 raw; $0.50 display","Unavailable if price is missing.","Correct.","Critical","Retain.","chat_alpaca/analytics.py:consolidated_holdings","Requires reconciliation",""
"HOLD-006","Overview","Exact holdings","All time","calculated","Current open lots","Unrealized gain on current remaining lots, not ledger-wide performance.","UnrealizedGain = Value-RemainingCostBasis","'=ValueCell-CostBasisCell","Value; remaining basis","USD","Current ledger state and price date","$0 display","$0.01 raw; $0.50 display","Unavailable with missing price.","Correct formula but ambiguous label.","Critical","Rename to Unrealized gain/loss.","chat_alpaca/analytics.py:consolidated_holdings","Change suggested",""
"HOLD-007","Overview","Exact holdings","Day","calculated","Current shares and prices","Current shares times the change between the latest two available observations.","DayGain = Shares*(LatestPrice-PriorAvailablePrice)","'=SharesCell*(LatestPriceCell-PriorPriceCell)","Shares; last two prices","USD","Last two available observations","$0 display","$0.01 raw; $0.50 display","Unavailable with fewer than two prices.","Can span multiple sessions while labeled Day.","High","Require consecutive completed sessions or label the actual dates.","chat_alpaca/analytics.py:consolidated_holdings","Change suggested",""
"HOLD-008","Overview","Exact holdings","Custom","calculated","Current open lots and prices","Price movement on current remaining lots. Uses unit basis for a lot acquired within the range.","LotCustom = Shares*(EndPrice-(UnitBasis if acquired>=Start else PriorStartClose))","'=SharesCell*(EndPriceCell-IF(AcquiredDate>=CustomStart,UnitBasisCell,PriorStartPriceCell))","Current lots; acquisition; basis; prices; range","USD","Applied range","$0 display","$0.01 raw; $0.50 display","Unavailable for lots after end or missing prices.","Not ledger-aware and excludes sold lots and income.","Critical","Rename Current-lot unrealized custom change and distinguish it from portfolio Custom gain/loss.","chat_alpaca/analytics.py:consolidated_holdings","Disclosure/change required",""
"HOLD-009","Overview","Exact holdings","Portfolios","calculated","Current lots","Counts distinct selected portfolios holding the symbol.","PortfolioCount = COUNTUNIQUE(portfolio IDs with nonzero symbol shares)","'=COUNTUNIQUE(FILTER(OpenLots!PortfolioID,OpenLots!Symbol=Symbol,OpenLots!Shares<>0))","Open lots","Count","Current state","Integer","Exact count","Absent symbol has no row.","Correct.","Low","Retain.","chat_alpaca/analytics.py:consolidated_holdings","Requires reconciliation",""
"INCOME-001","Overview","Portfolio income","Selected-range income","ledger-derived","Canonical transaction ledger","Adds dividend and interest cash credits in the inclusive range.","Income = SUM(cash_delta where kind in {dividend,interest} and Start<=date<=End)","'=SUM(SUMIFS(Transactions!J:J,Transactions!D:D,{""Dividend"",""Interest""},Transactions!B:B,"">=""&CustomStart,Transactions!B:B,""<=""&CustomEnd))","Income transactions; dates","USD","Applied inclusive range","$0 display","$0.01 raw; $0.50 display","No matching events produces zero.","Correct realized cash income.","High","Retain.","chat_alpaca/portfolio_service.py:portfolio_income_summary","Requires reconciliation",""
"INCOME-002","Overview","Portfolio income","YTD through end date","ledger-derived","Canonical transaction ledger","Adds dividend and interest from January 1 through Custom End.","YTD = SUM(income where YEAR(date)=YEAR(End) and date<=End)","'=SUM(SUMIFS(Transactions!J:J,Transactions!D:D,{""Dividend"",""Interest""},Transactions!B:B,"">=""&DATE(YEAR(CustomEnd),1,1),Transactions!B:B,""<=""&CustomEnd))","Income transactions; end date","USD","Calendar YTD through Custom End","$0 display","$0.01 raw; $0.50 display","No events produces zero.","Correct.","High","Retain.","chat_alpaca/portfolio_service.py:portfolio_income_summary","Requires reconciliation",""
"INCOME-003","Overview","Portfolio income","Trailing 365 through end date","ledger-derived","Canonical transaction ledger","Adds income over 365 inclusive calendar days ending at Custom End.","Trailing365 = SUM(income from End-364 through End)","'=SUM(SUMIFS(Transactions!J:J,Transactions!D:D,{""Dividend"",""Interest""},Transactions!B:B,"">=""&CustomEnd-364,Transactions!B:B,""<=""&CustomEnd))","Income transactions; end date","USD","365 inclusive days","$0 display","$0.01 raw; $0.50 display","No events produces zero.","Correct.","High","Retain.","chat_alpaca/portfolio_service.py:portfolio_income_summary","Requires reconciliation",""
"INCOME-004","Overview","Portfolio income","Normalized quarterly average","calculated","Selected-range ledger income","Scales selected income to 91.3125 calendar days.","NormalizedQuarter = SelectedIncome/InclusiveDays*91.3125","'=SelectedIncome/(CustomEnd-CustomStart+1)*91.3125","Selected income; dates","USD","Selected range normalized","$0 display","$0.01 raw; $0.50 display","Start after end rejected.","Correct normalization but unstable for short windows.","Medium","Retain with not-a-forecast disclosure and consider minimum-day warning.","chat_alpaca/portfolio_service.py:portfolio_income_summary","Disclosure required",""
"INCOME-005","Overview","Portfolio income","Monthly and source Cash received","ledger-derived","Canonical transaction ledger","Groups dividend and interest cash by month, portfolio, type, and source.","GroupedIncome = SUM(cash_delta by grouping fields)","'=QUERY(Transactions!A:J,""select A,D,E,sum(J) where D='Dividend' or D='Interest' group by A,D,E"",1)","Income transactions","USD","Applied range","$0 display","$0.01 raw; $0.50 display","No events produces no table.","Correct.","Medium","Retain.","streamlit_app.py:render_portfolio_income","Requires reconciliation",""
"COMPARE-001","Compare","Performance comparison","Growth of $100","calculated","Portfolio TWR or benchmark total-return levels","Rebases every series to 100 at its first valid selected observation.","Growth_t = 100*Level_t/Level_0","'=100*CurrentLevel/INDEX(FILTER(LevelRange,ISNUMBER(LevelRange)),1)","Selected series","Index","Applied range","Chart precision","0.000001 index units","Empty series omitted.","Standard.","High","Retain.","chat_alpaca/analytics.py:normalized_growth","Requires reconciliation",""
"COMPARE-002","Compare","Performance comparison","Total return","calculated","Growth series","Insufficient comparison history returns unavailable rather than numeric zero.","TotalReturn = FinalLevel/InitialLevel-1","'=INDEX(LevelRange,COUNT(LevelRange))/INDEX(FILTER(LevelRange,ISNUMBER(LevelRange)),1)-1","Growth series","Decimal return","Applied range","0% display","0.000001 raw; 0.5 percentage point at 0-decimal display","Unavailable when the required valid observations are absent.","Implemented approved methodology with independent reference tests; passing tests are not proof of methodology correctness.","Critical","Return blank/unavailable when fewer than two valid observations.","chat_alpaca/analytics.py:summary_metrics","Implemented and tested","Insufficient comparison history returns unavailable rather than numeric zero."
"COMPARE-003","Compare","Performance comparison","Annualized return","calculated","Growth series","Insufficient comparison history returns unavailable rather than numeric zero.","CAGR=(Final/Initial)^(365.25/ElapsedDays)-1","'=POWER(FinalLevel/InitialLevel,365.25/(EndDate-StartDate))-1","Levels; dates","Decimal return","Applied range","0% display","0.000001 raw; 0.5 percentage point displayed","Unavailable when the required valid observations are absent.","Implemented approved methodology with independent reference tests; passing tests are not proof of methodology correctness.","High","Unavailable when insufficient; warn for short annualization periods.","chat_alpaca/analytics.py:summary_metrics","Implemented and tested","Insufficient comparison history returns unavailable rather than numeric zero."
"COMPARE-004","Compare","Performance comparison","Volatility","calculated","Daily series returns","Insufficient comparison history returns unavailable rather than numeric zero.","Volatility = STDEV.S(daily returns)*SQRT(252)","'=STDEV.S(ReturnRange)*SQRT(252)","Daily returns","Decimal annual volatility","Applied range","0% display","0.000001 raw; 0.5 percentage point displayed","Unavailable when the required valid observations are absent.","Implemented approved methodology with independent reference tests; passing tests are not proof of methodology correctness.","High","Unavailable below two returns; disclose or normalize gaps.","chat_alpaca/analytics.py:summary_metrics","Implemented and tested","Insufficient comparison history returns unavailable rather than numeric zero."
"COMPARE-005","Compare","Performance comparison","Max drawdown","calculated","Growth series","Insufficient comparison history returns unavailable rather than numeric zero.","Drawdown_t=Level_t/MAX(Level_0:Level_t)-1; MaxDD=MIN(Drawdown_t)","'=MIN(MAP(SEQUENCE(ROWS(LevelRange)),LAMBDA(i,INDEX(LevelRange,i)/MAX(TAKE(LevelRange,i))-1)))","Growth series","Decimal return","Applied range","0% display","0.000001 raw; 0.5 percentage point displayed","Unavailable when the required valid observations are absent.","Implemented approved methodology with independent reference tests; passing tests are not proof of methodology correctness.","High","Unavailable when insufficient.","chat_alpaca/analytics.py:summary_metrics","Implemented and tested","Insufficient comparison history returns unavailable rather than numeric zero."
"FORECAST-001","Forecast","Planning projection","Starting value","calculated","Confirmed valuation or disclosed fallback","Uses complete selected market value; uses cost basis plus cash only when the price frame is empty.","Start = SUM(complete portfolio values), else disclosed basis-plus-cash fallback","'=IF(CompletePriceCoverage,ConfirmedTotal,CostBasisPlusCash)","Selected portfolios; prices; lots; cash","USD","Run date","$0 display","$0.01 raw; $0.50 display","Partial valuation refuses projection.","Strong coverage policy.","Critical","Retain.","chat_alpaca/forecasting.py:build_forecast_request","Requires reconciliation",""
"FORECAST-002","Forecast","Planning projection","Monthly gross return","stochastic-calculated","Owner assumptions plus seeded RNG","Lognormal gross return calibrated to expected annual gross return and volatility.","Drift=[LN(1+R)-0.5*sigma^2]/12; Diffusion=sigma/SQRT(12); Gross=EXP(Drift+Diffusion*Z)","'=EXP((LN(1+AnnualReturn)-0.5*AnnualVolatility^2)/12+AnnualVolatility/SQRT(12)*NORM.S.INV(RandomUniform))","Annual return; volatility; standard normal draw","Gross return factor","Each simulated month","Full precision","Exact with identical stored random draws; otherwise distribution tolerance","Invalid assumptions rejected.","Correct lognormal calibration; constant independent normal shocks are limiting.","High","Retain as assumption-driven planning model.","chat_alpaca/forecasting.py:simulate_portfolio_projection","Requires seeded reproduction",""
"FORECAST-003","Forecast","Planning projection","Monthly portfolio value","stochastic-calculated","Projection engine","Applies the simulated gross return then adds contribution at month-end.","Value_m=Value_(m-1)*Gross_m+Contribution","'=PriorValue*GrossReturn+MonthlyContribution","Prior value; gross return; contribution","USD","Monthly","$0 chart/table","Exact with identical simulation inputs","Invalid values rejected.","Correct month-end timing.","High","Clarify that contribution is nominal, not inflation-adjusted.","chat_alpaca/forecasting.py:simulate_portfolio_projection","Disclosure required",""
"FORECAST-004","Forecast","Planning projection","P5; P25; P50; P75; P95","stochastic-summary","10,000 seeded simulation paths","Empirical cross-simulation percentile at each month.","Pq_m=PERCENTILE(simulated values at month m,q)","'=PERCENTILE(Simulations!B:B,0.05)","Simulation values","USD","Each projected month/year","$0 display","Exact with identical path matrix; otherwise within documented Monte Carlo error","Unavailable if simulation fails.","Standard.","High","Retain model version, seed, simulation count, and inputs with results.","chat_alpaca/forecasting.py:simulate_portfolio_projection","Requires seeded reproduction","Percentile bands are not individual paths."
"FORECAST-005","Forecast","Planning projection","Calendar year","calculated","System date plus year index","Labels year-from-now output with current calendar year plus projection year.","CalendarYear=YEAR(TODAY())+YearFromNow","'=YEAR(TODAY())+YearFromNow","Today; year index","Year","Today","Integer","Exact","N/A","Correct.","Low","Retain.","streamlit_app.py:render_forecast","Requires simple check",""
"FORECAST-006","Forecast","Planning projection","Chance of reaching target","stochastic-summary","Terminal simulation values","Fraction of terminal simulations at or above target.","Probability=COUNTIF(TerminalValues,"">=""&Target)/SimulationCount","'=COUNTIF(Simulations!Terminal:Terminal,"">=""&TargetValue)/COUNT(Simulations!Terminal:Terminal)","Terminal values; target","Probability","Forecast horizon","0% display","Exact for same simulations; 0.5 percentage point display","Not shown without target.","Correct conditional probability, not objective certainty.","High","Retain planning disclaimer.","chat_alpaca/forecasting.py:simulate_portfolio_projection","Requires seeded reproduction",""
"SCEN-001","Forecast","Deterministic scenarios","Starting household value","calculated","Ledger plus latest prices","Adds selected cash and priced lots.","StartingValue=SUM(Cash)+SUM(Shares*LatestPrice)","'=SUM(SelectedCash)+SUMPRODUCT(Holdings!Shares,Holdings!LatestPrice)","Selected portfolios; current prices","USD","Scenario as-of date","$0 display","$0.01 raw; $0.50 display","Missing current price refuses scenario.","Correct.","Critical","Retain.","chat_alpaca/scenarios.py:run_deterministic_scenario","Requires reconciliation",""
"SCEN-002","Forecast","Deterministic scenarios","Baseline","calculated","Scenario assumptions","Compounds monthly at the expected annual return, adds monthly contribution, and subtracts monthly spending.","m=(1+R)^(1/12)-1; V_m=V_(m-1)*(1+m)+Contribution-Spending/12","'=REDUCE(StartValue,SEQUENCE(Years*12),LAMBDA(v,k,v*(1+POWER(1+AnnualReturn,1/12)-1)+MonthlyContribution-AnnualSpending/12))","Start; return; contribution; spending; years","USD","Scenario horizon","$0 display","$0.01 deterministic; $0.50 display","Invalid inputs rejected.","Transparent deterministic baseline.","High","Retain.","chat_alpaca/scenarios.py:_compound","Requires independent check",""
"SCEN-003","Forecast","Deterministic scenarios","Scenario","calculated","Selected stress type","Applies the scenario-specific shock or alternate compounding rule.","ScenarioValue = scenario-specific function(StartValue, assumptions, exposures)","'=BaselineValue+SUM(ScenarioImpacts)","Baseline; exposures; assumptions","USD","Scenario horizon","$0 display","$0.01 deterministic; $0.50 display","Scenario refuses missing required inputs.","Transparent but interpretation varies by scenario.","Critical","Maintain one audit row per scenario subtype.","chat_alpaca/scenarios.py:run_deterministic_scenario","Requires subtype tests",""
"SCEN-004","Forecast","Deterministic scenarios","Household impact","calculated","Scenario result","Scenario value less baseline.","Impact=ScenarioValue-BaselineValue","'=ScenarioValue-BaselineValue","Scenario; baseline","USD","Scenario horizon","$0 display","$0.01 raw; $0.50 display","Unavailable when scenario fails.","Correct.","Critical","Retain.","chat_alpaca/scenarios.py:run_deterministic_scenario","Requires independent check",""
"SCEN-005","Forecast","Deterministic scenarios","Broad-market; holding; sector impact","calculated","Current exposure plus shock","Multiplies exposed market value by the selected shock.","Impact=ExposedValue*Shock","'=ExposedValue*ShockRate","Holding or sector exposure; shock","USD","Immediate shock","$0 display","$0.01 raw; $0.50 display","Zero exposure gives zero or rejects unavailable target.","Correct first-order deterministic shock.","High","Retain with no-correlation/no-liquidity disclaimer.","chat_alpaca/scenarios.py:run_deterministic_scenario","Requires subtype tests",""
"SCEN-006","Forecast","Deterministic scenarios","Dividend reduction","calculated","Trailing dividend ledger","Repeats a fixed fraction of positive trailing-365 dividend income over every scenario year.","Impact=-Trailing365PositiveDividends*ReductionRate*Years","'=-Trailing365Dividends*ReductionRate*Years","Positive dividend cash; reduction; years","USD","Scenario horizon","$0 display","$0.01 raw; $0.50 display","No dividends produces zero and warning.","Simple and transparent but omits growth and opportunity cost.","Medium","Retain only with explicit constant-income/no-reinvestment assumption.","chat_alpaca/scenarios.py:run_deterministic_scenario","Disclosure required",""
"SCEN-007","Forecast","Deterministic scenarios","Inflation scenario","calculated","Baseline nominal value and inflation assumptions","Deflates baseline nominal value at base and higher inflation rates.","BaselineReal=BaselineNominal/(1+Inflation)^Years; ScenarioReal=BaselineNominal/(1+Inflation+Increase)^Years","'=BaselineNominal/POWER(1+InflationRate,Years)","Nominal baseline; inflation; increase; years","Real USD","Scenario horizon","$0 display","$0.01 raw; $0.50 display","Invalid inflation rejected.","Correct purchasing-power comparison.","High","Retain.","chat_alpaca/scenarios.py:run_deterministic_scenario","Requires independent check",""
"SCEN-008","Forecast","Deterministic scenarios","Historical replay","calculated","Persisted historical price datasets","Applies each holding's selected historical-period simple return to current value.","HistoricalImpact=SUM(CurrentValue_s*(EndPrice_s/StartPrice_s-1))","'=SUMPRODUCT(CurrentValues,HistoricalEndPrices/HistoricalStartPrices-1)","Current exposures; referenced price window","USD","Selected replay window","$0 display","$0.01 raw; $0.50 display","Requires dataset references and at least two observations per symbol.","Appropriate deterministic replay.","High","Retain exact dataset IDs and proxy disclosures.","chat_alpaca/scenarios.py:run_deterministic_scenario","Requires dataset reproduction",""
"SCEN-009","Forecast","Deterministic scenarios","Sensitivity fields","calculated","Repeated deterministic runs","Sensitivity varies the intended stressed parameter while preserving an isolated baseline and stable remaining inputs.","Run each varied parameter against the unchanged baseline assumptions and seed","'=IF(BaselineValue=0,NA(),(ScenarioValue-BaselineValue)/BaselineValue)","Sensitivity assumptions; scenario outputs","Mixed","Scenario horizon","Displayed by type","0.000001 return; $0.01 currency","Unavailable when scenario cannot run.","Implemented approved methodology with independent reference tests; passing tests are not proof of methodology correctness.","High","Make the varied parameter explicit and align low-return sensitivity with the intended stressed parameter.","chat_alpaca/scenarios.py:sensitivity_grid","Implemented and tested","Sensitivity varies the intended stressed parameter while preserving an isolated baseline and stable remaining inputs."
"MANAGE-001","Manage","Transactions","Portfolio; Date; Action; Type; Symbol; Quantity; Price; Fees; Cash change; Description; Source","database-passthrough","Canonical transaction records","Displays stored canonical transaction fields after date and type filtering.","N/A - source reconciliation","'=FILTER(Transactions!A:K,Transactions!B:B>=CustomStart,Transactions!B:B<=CustomEnd)","Stored transactions","Mixed","Applied range","Column-specific display formats","Exact stored values; numeric tolerances by field","No matches produces empty table.","Appropriate passthrough.","Critical","Retain and reconcile to audit history after edits.","streamlit_app.py:transaction_frame","Requires source reconciliation",""
"MANAGE-002","Manage","CSV preview","Category","calculated-label","Parsed transaction kind","Title-cases the normalized transaction kind.","Category=PROPER(SUBSTITUTE(kind,""_"" ,"" ""))","'=PROPER(SUBSTITUTE(TypeCode,""_"","" ""))","Parsed kind","Text","Imported row","Text","Exact text mapping","Parsing errors shown separately.","Correct presentation label.","Low","Retain.","chat_alpaca/commands.py:transaction_kind_label","Requires mapping check",""
"MANAGE-003","Manage","Portfolio settings","Account type","database-passthrough","Portfolio configuration","Displays Traditional IRA, Roth IRA, Taxable, or Unknown classification.","N/A - source reconciliation","'=XLOOKUP(PortfolioID,Portfolios!A:A,Portfolios!C:C)","Portfolio record","Category","Current/effective state","Text","Exact","Unknown remains explicit.","Appropriate.","Critical","Retain; retirement tax behavior depends on it.","chat_alpaca/portfolio_configuration.py","Requires source reconciliation",""
"MANAGE-004","Manage","Benchmark history","Components","calculated-display","Effective-dated benchmark configuration","Displays component target weights as percentages.","DisplayWeight=stored decimal weight*100","'=TEXTJOIN("", "",TRUE,FILTER(Benchmark!Symbol&"" ""&TEXT(Benchmark!Weight,""0.####%""),Benchmark!PortfolioID=PortfolioID,Benchmark!EffectiveDate=EffectiveDate))","Stored symbols and decimal weights","Percent","Effective date forward","Display g%","Weights sum within 0.0001 percentage points of 100%","Missing configuration displays none; default SPY may apply elsewhere.","Validation is strong.","High","Retain effective-dated immutability.","chat_alpaca/portfolio_configuration.py","Requires source reconciliation",""
"MANAGE-005","Manage","Benchmark history","Rebalancing","database-passthrough","Benchmark configuration","Displays configured daily, monthly, quarterly, annual, or none frequency.","N/A - source reconciliation","'=XLOOKUP(ConfigurationID,Benchmark!ID:ID,Benchmark!Frequency:Frequency)","Configuration","Category","Effective configuration","Text","Exact","Missing configuration handled separately.","Correct.","Medium","Retain.","chat_alpaca/portfolio_configuration.py","Requires source reconciliation",""
"TRADE-001","Trade","Alpaca account","Equity; Cash; Buying power; Status","broker-provider-passthrough","Alpaca Trading API","Displays provider account fields without DashApp recalculation.","N/A - reconcile to provider response timestamp","'=XLOOKUP(FieldName,AlpacaAccount!A:A,AlpacaAccount!B:B)","Provider response","Mixed","Provider as-of time","Currency displayed $0; status text","Exact provider value before display; $0.50 display","Unavailable on provider error.","Correct passthrough; not internally auditable as a formula.","Critical","Store or capture provider timestamp during formal validation.","streamlit_app.py:render_trade_admin","Requires provider reconciliation",""
"TRADE-002","Trade; Monitor","Orders","Requested; Filled; Avg fill; Status; Submitted; Alpaca order ID","broker-provider-and-database-passthrough","Alpaca API synchronized allocation record","Displays requested quantity and synchronized order status/fills.","N/A - reconcile persisted allocation to Alpaca order","'=XLOOKUP(OrderID,AlpacaOrders!A:A,AlpacaOrders!B:Z)","Order allocation and provider response","Mixed","Latest synchronization","Quantity 2 decimals; fill $0.00","0.00000001 shares; $0.01 price; exact status and ID","Unsynchronized values may be stale.","Appropriate with explicit sync workflow.","Critical","Retain freshness and synchronization disclosure.","streamlit_app.py:allocation_frame; chat_alpaca/trading.py","Requires provider reconciliation",""
"TRADE-003","Trade","Fill synchronization","Incremental fill quantity","calculated","Provider fill totals plus applied allocation totals","Posts only newly filled shares.","IncrementalQty=ProviderFilledQty-AppliedQty","'=ProviderFilledQty-AppliedQty","Provider filled quantity; applied quantity","Shares","Sync time","Stored precision","0.00000001 shares","No positive increment creates no transaction.","Correct idempotent approach.","Critical","Retain.","chat_alpaca/trading.py:sync_allocations","Requires integration test",""
"TRADE-004","Trade","Fill synchronization","Incremental fill price and cash","calculated","Provider fill totals","Derives new fill notional from cumulative totals, then its effective price and cash effect.","IncrementalNotional=FilledQty*AvgPrice-AppliedNotional; EffectivePrice=IncrementalNotional/IncrementalQty; BuyCash=-IncrementalNotional; SellCash=IncrementalNotional","'=ProviderFilledQty*ProviderAvgPrice-AppliedNotional","Provider totals; prior applied totals; side","USD; USD/share","Sync date","Notional quantized $0.0001","$0.01 cash; $0.0001 notional","No incremental quantity produces no transaction.","Strong duplicate-resistant fill accounting.","Critical","Retain; reconcile provider fees if later supplied.","chat_alpaca/trading.py:sync_allocations","Requires integration test",""
"MON-001","Monitor","Quotes","Midpoint","calculated","Alpaca IEX quote","Averages a valid positive bid and ask.","Midpoint=(Bid+Ask)/2","'=(BidCell+AskCell)/2","Bid; ask","USD/share","Quote time","$0.00 display","$0.005 display; exact raw","Unavailable without valid two-sided positive quote.","Standard.","Medium","Retain.","chat_alpaca/realtime.py:QuoteRecord.midpoint","Requires quote check",""
"MON-002","Monitor","Quotes","Spread","calculated","Alpaca IEX quote","Ask less bid.","Spread=Ask-Bid","'=AskCell-BidCell","Bid; ask","USD/share","Quote time","$0.00 display","$0.005 display; exact raw","Unavailable without both sides.","Standard.","Low","Also consider SpreadPercent=Spread/Midpoint.","chat_alpaca/realtime.py:QuoteRecord.spread","Review suggested",""
"MON-003","Monitor","Quotes","Price","calculated-fallback","Alpaca IEX plus confirmed close","Uses latest trade, then midpoint, then previous close.","Price=COALESCE(LatestTrade,Midpoint,PreviousClose)","'=IF(ISNUMBER(LatestTrade),LatestTrade,IF(ISNUMBER(Midpoint),Midpoint,PreviousClose))","Trade; bid; ask; prior close","USD/share","Quote/as-of time","$0.00 display","$0.005 display; exact raw","Unavailable if all sources absent.","Reasonable hierarchy with provenance.","High","Retain source and freshness fields.","chat_alpaca/realtime.py:QuoteRecord.price","Requires quote check",""
"MON-004","Monitor","Portfolio pulse","Value; Exposure value","calculated","Shares plus indicative quote","Multiplies current shares by indicative price.","Value=Shares*IndicativePrice","'=SharesCell*IndicativePriceCell","Shares; price","USD","Quote time","$0 display","$0.01 raw; $0.50 display","Unavailable without price.","Correct indicative valuation.","Critical","Retain IEX-indicative label.","chat_alpaca/realtime.py:build_portfolio_pulse","Requires quote reconciliation",""
"MON-005","Monitor","Portfolio pulse","Selected Totals","calculated","Ledger cash plus indicative values","Cash-only Monitor value equals cash; share of net daily P/L is unavailable below an absolute $0.01 denominator and calculable at exactly $0.01.","Total=Cash+SUM(HoldingValues) if complete","'=IF(COUNT(HoldingValues)=HeldSymbolCount,Cash+SUM(HoldingValues),NA())","Cash; all holding values","USD","Quote time","$0 display","$0.01 raw; $0.50 display","Any missing price makes total unavailable.","Implemented approved methodology with independent reference tests; passing tests are not proof of methodology correctness.","Critical","Retain.","chat_alpaca/realtime.py:build_portfolio_pulse","Implemented and tested","Cash-only Monitor value equals cash; share of net daily P/L is unavailable below an absolute $0.01 denominator and calculable at exactly $0.01."
"MON-006","Monitor","Portfolio pulse","Daily change; Daily contribution","calculated","Intraday quote plus previous close","Measures dollar move from previous close by holding and portfolio.","Change_s=Shares_s*(IntradayPrice_s-PreviousClose_s); Total=SUM(Change_s)","'=SharesCell*(IntradayPriceCell-PreviousCloseCell)","Shares; latest trade or midpoint; prior close","USD","Active session","$0 display","$0.01 raw; $0.50 display","Any missing component makes relevant aggregate unavailable.","Standard indicative mark-to-close.","High","Retain freshness and extended-hours disclosure.","chat_alpaca/realtime.py:build_portfolio_pulse","Requires quote reconciliation",""
"MON-007","Monitor","Portfolio pulse","Share of net daily P/L","calculated","Holding daily changes","Cash-only Monitor value equals cash; share of net daily P/L is unavailable below an absolute $0.01 denominator and calculable at exactly $0.01.","ShareOfNetDailyPL = HoldingChange/TotalNetChange when ABS(TotalNetChange) >= 0.01; otherwise unavailable","'=IF(ABS(TotalNetChange)<0.01,NA(),HoldingChange/TotalNetChange)","Holding and total daily change","Ratio","Active session","0% display","0.000001 raw; 0.5 percentage point displayed","Current code returns unavailable only when total equals exactly zero.","Implemented approved methodology with independent reference tests; passing tests are not proof of methodology correctness.","Critical","Rename Share of net daily P/L; retain dollar contribution; define a near-zero denominator threshold.","chat_alpaca/realtime.py:build_portfolio_pulse","Implemented and tested","Cash-only Monitor value equals cash; share of net daily P/L is unavailable below an absolute $0.01 denominator and calculable at exactly $0.01."
"MON-008","Monitor","Market context","Daily; 1M; 3M; 12M return","calculated","Benchmark total-return closes","Calculates latest simple return and approximate 21, 63, and 252-session returns.","PeriodReturn=Latest/LookbackObservation-1","'=LatestPrice/INDEX(PriceRange,ROWS(PriceRange)-LookbackIntervals)-1","Price series","Decimal return","Latest history","0% display","0.000001 raw; 0.5 percentage point display","Unavailable with insufficient history.","Standard approximate trading-day windows.","Medium","Label actual observation dates when history is short.","chat_alpaca/realtime.py:market_context_metrics","Disclosure suggested",""
"MON-009","Monitor","Market context","Trend","calculated","Benchmark closes","Compares latest level with mean of latest 50 observations.","Trend=IF(Latest>=AVERAGE(last50),above,below)","'=IF(COUNTA(PriceRange)<50,""insufficient history"",IF(LatestPrice>=AVERAGE(TAKE(PriceRange,-50)),""above 50-day average"",""below 50-day average""))","Price series","Category","Latest 50 observations","Text","Exact classification","Explicit insufficient-history label.","Correct.","Low","Retain.","chat_alpaca/realtime.py:market_context_metrics","Requires independent check",""
"MON-010","Monitor","Market context","Drawdown","calculated","Benchmark closes","Latest level relative to historical running peak.","Drawdown=Latest/MAX(History)-1","'=LatestPrice/MAX(PriceRange)-1","Price series","Decimal return","Available history","0% display","0.000001 raw; 0.5 percentage point display","Unavailable without history.","Correct current drawdown.","Medium","Clarify it is current drawdown, not maximum drawdown.","chat_alpaca/realtime.py:market_context_metrics","Disclosure suggested",""
"MON-011","Monitor","Market context","Realized volatility","calculated","Latest returns","Annualizes sample standard deviation of the latest 21 returns.","Vol21=STDEV.S(last21 returns)*SQRT(252)","'=STDEV.S(TAKE(ReturnRange,-21))*SQRT(252)","Returns","Decimal annual volatility","Latest 21 returns","0% display","0.000001 raw; 0.5 percentage point display","Unavailable below two returns.","Standard.","Medium","Retain.","chat_alpaca/realtime.py:market_context_metrics","Requires independent check",""
"MON-012","Monitor","Market context","21-day SPY correlation; regime","calculated","Aligned proxy and SPY returns","Calculates Pearson correlation; labels high when at least 0.7, otherwise mixed.","Corr=CORREL(last21 proxy returns,last21 SPY returns); Regime=IF(Corr>=0.7,high,mixed)","'=CORREL(TAKE(ProxyReturns,-21),TAKE(SPYReturns,-21))","Aligned returns","Correlation; category","Latest 21 returns","0% correlation display; text regime","0.000001 raw; 0.5 percentage point display","Unavailable without SPY or adequate pairs.","Formula correct; regime has no low/negative category.","Medium","Consider high, mixed, low, and negative regimes.","chat_alpaca/realtime.py:market_context_metrics","Review suggested",""
"HYPO-001","Hypothetical","Proposed actions","Buy cash and basis","calculated","Copied scenario state","Reduces cash by notional plus fees and creates a lot whose unit basis includes fees.","CashAfter=CashBefore-Qty*Price-Fees; UnitBasis=(Qty*Price+Fees)/Qty","'=CashBefore-Quantity*Price-Fees","Copied cash; quantity; price; fees","USD","Scenario as-of","Display varies","$0.01","Invalid proposals rejected.","Correct.","Critical","Retain.","chat_alpaca/hypothetical.py:_apply_actions","Requires independent check",""
"HYPO-002","Hypothetical","Proposed actions","Sell cash and FIFO","calculated","Copied scenario state","Consumes copied lots FIFO and adds net sale proceeds.","CashAfter=CashBefore+Qty*Price-Fees","'=CashBefore+Quantity*Price-Fees","Copied lots; quantity; price; fees","USD","Scenario as-of","Display varies","$0.01","Selling more than assigned is rejected.","Correct non-mutating analysis.","Critical","Retain.","chat_alpaca/hypothetical.py:_apply_actions","Requires independent check",""
"HYPO-003","Hypothetical","Summary","Before/After value; cash; market value; cost basis","calculated","Copied ledger state plus hypothetical actions","Revalues copied lots and cash before and after proposals.","TotalValue=Cash+SUM(Shares*AnalysisPrice); Basis=SUM(Shares*UnitBasis)","'=ScenarioCash+SUMPRODUCT(ScenarioLots!Shares,ScenarioLots!Price)","Copied state; actions; prices","USD","Market data as-of","$0 metrics; table raw","$0.01 raw; $0.50 metrics","Missing current price rejects analysis.","Correct.","Critical","Retain baseline hash and market-data timestamp.","chat_alpaca/hypothetical.py:_snapshot","Requires reproduction",""
"HYPO-004","Hypothetical","Exposure","Holding; assignment; sector weights","calculated","Scenario values and classifications","Divides exposure values by total value including cash.","Weight=ExposureValue/TotalValue","'=ExposureValue/TotalValue","Values; total; classifications","Decimal weight","Scenario as-of","Table raw","0.000001","Unclassified exposure remains explicit.","Correct; cash causes weights to sum below one.","High","Retain and disclose denominator.","chat_alpaca/hypothetical.py:_snapshot","Requires independent check",""
"HYPO-005","Hypothetical","Exposure","Benchmark-relative exposure","calculated","Holding and effective benchmark weights","Subtracts effective benchmark weight from holding weight.","RelativeWeight=HoldingWeight-BenchmarkWeight","'=HoldingWeight-BenchmarkWeight","Holding; benchmark weights","Decimal weight","Scenario as-of","Table raw","0.000001","Missing side defaults to zero.","Correct arithmetic.","High","Retain effective-date and benchmark-rebalancing assumptions.","chat_alpaca/hypothetical.py:_snapshot","Requires independent check",""
"HYPO-006","Hypothetical","Risk","Largest; top five; HHI concentration","calculated","Invested holding values","Largest and top-five use total-value holding weights; HHI uses invested-only weights.","Largest=MAX(HoldingWeights); Top5=SUM(LARGE(HoldingWeights,{1..5})); HHI=SUM((SymbolValue/MarketValue)^2)","'=SUMSQ(FILTER(SymbolValues,SymbolValues>0)/SUM(FILTER(SymbolValues,SymbolValues>0)))","Symbol values; total and market values","Weights; index","Scenario as-of","Table raw","0.000001","Zero market value produces HHI zero.","Correct but denominators differ.","High","Disclose cash treatment.","chat_alpaca/hypothetical.py:_snapshot","Disclosure required",""
"HYPO-007","Hypothetical","Risk","Effective holdings","calculated","HHI","Reciprocal of HHI.","EffectiveHoldings=1/HHI","'=IF(HHI=0,0,1/HHI)","HHI","Count-equivalent","Scenario as-of","Table raw","0.000001","Zero HHI returns zero.","Standard.","Medium","Retain.","chat_alpaca/hypothetical.py:_snapshot","Requires independent check",""
"HYPO-008","Hypothetical","Risk","Volatility","calculated","Historical daily covariance","Annualizes covariance and applies scenario total-value holding weights.","Volatility=SQRT(w'*(CovDaily*252)*w)","'=SQRT(MMULT(TRANSPOSE(Weights),MMULT(CovarianceAnnual,Weights)))","Returns; weights","Decimal annual volatility","Available return history","Table raw","0.000001","Unavailable with insufficient aligned returns.","Standard; cash is implicit zero-volatility allocation.","High","Retain with history window and cash disclosure.","chat_alpaca/hypothetical.py:_snapshot","Requires independent check",""
"HYPO-009","Hypothetical","Risk","Risk contribution","calculated","Covariance and weights","Euler contribution to total variance.","RC_i=w_i*(Cov*w)_i/(w'*Cov*w)","'=WeightCell*MarginalVarianceCell/PortfolioVariance","Weights; covariance","Ratio","Available return history","Table raw","0.000001","Unavailable at nonpositive variance.","Standard; can be negative.","High","Retain negative contributions.","chat_alpaca/hypothetical.py:_snapshot","Requires independent check",""
"HYPO-010","Hypothetical","Risk","Maximum drawdown exposure","calculated","Historical weighted returns","Computes worst drawdown of a synthetic constant-weight return series.","Wealth_t=PRODUCT(1+w'R_t); Drawdown=MIN(Wealth_t/MAX_to_date(Wealth)-1)","'=MIN(MAP(SEQUENCE(ROWS(WealthRange)),LAMBDA(i,INDEX(WealthRange,i)/MAX(TAKE(WealthRange,i))-1)))","Aligned returns; weights","Decimal return","Available history","Table raw","0.000001","Unavailable with insufficient history.","Reasonable historical exposure statistic; not trade-rebalanced path accurate.","High","Label Historical constant-weight drawdown.","chat_alpaca/hypothetical.py:_snapshot","Disclosure suggested",""
"HYPO-011","Hypothetical","Risk","Expected return","calculated","Owner-entered common assumption","Weights symbol assumptions; current UI assigns the same entered return to every current and proposed symbol.","ExpectedReturn=SUM(HoldingWeight_s*AssumedReturn_s)","'=SUMPRODUCT(HoldingWeights,ExpectedReturns)","Weights; assumptions","Decimal annual return","Scenario horizon assumption","Table raw","0.000001","Current UI populates all involved symbols.","Correct arithmetic; cash earns zero implicitly.","High","Retain but disclose cash drag and common-return simplification.","chat_alpaca/hypothetical.py:_snapshot; streamlit_app.py","Disclosure required",""
"HYPO-012","Hypothetical","Risk","Forecast target probability; downside P5/P25","stochastic-summary","5,000 seeded lognormal simulations","Runs the simple forecast model from scenario total value using weighted expected return and historical volatility.","Same formulas as FORECAST-002 through FORECAST-006 with 5,000 simulations and seed 20260720","'=COUNTIF(HypoSimulations!Terminal:Terminal,"">=""&Target)/COUNT(HypoSimulations!Terminal:Terminal)","Scenario value; return; volatility; target","Probability; USD","Configured hypothetical horizon","Table raw","Exact with identical simulations","Target probability absent without target.","Consistent with simple forecast limitations.","High","Retain model and seed disclosure.","chat_alpaca/hypothetical.py:_snapshot","Requires seeded reproduction",""
"HYPO-013","Hypothetical","Risk","Deterministic stress loss","calculated","Scenario exposures and configured shock","Applies broad-market, symbol, or sector shock to exposed value.","StressLoss=ExposedValue*Shock","'=ExposedValue*ShockRate","Exposure; shock","USD","Immediate scenario","Table raw","$0.01","Unknown stress category may resolve to zero exposure.","Correct first-order stress.","Medium","Retain category disclosure.","chat_alpaca/hypothetical.py:_snapshot","Requires independent check",""
"HYPO-014","Hypothetical","Retirement","Depletion Probability","stochastic-summary","Simplified hypothetical retirement simulation","Depletion Probability reports terminal depletion and is paired with the approved simplified-model limitation disclosure.","DepletionProbability = COUNT(TerminalValue=0)/N","'=COUNTIF(HypoRetirement!Terminal:Terminal,"">0"")/COUNT(HypoRetirement!Terminal:Terminal)","Value; expected return; volatility; spending; horizon; seed","Probability","20-40 years","Table raw","Exact with identical simulations","Absent when retirement option disabled.","Implemented approved methodology with independent reference tests; passing tests are not proof of methodology correctness.","Critical","Label Simplified retirement depletion probability or replace with the full account-aware retirement engine.","chat_alpaca/hypothetical.py:_retirement_probability","Implemented and tested","Depletion Probability reports terminal depletion and is paired with the approved simplified-model limitation disclosure."
"HYPO-015","Hypothetical","Saved scenarios","Name; Creator; Created; Market data as of; Stale baseline","database-passthrough-and-calculated-status","Saved scenario plus ledger hash","Displays saved metadata; stale is true when the current scoped ledger hash differs from the saved baseline hash.","StaleBaseline = CurrentLedgerHash<>SavedLedgerHash","'=CurrentLedgerHash<>SavedLedgerHash","Saved record; current ledger hash","Mixed","Read time","Text; Boolean","Exact","Missing scenario produces no row.","Strong change-detection control.","High","Retain.","chat_alpaca/hypothetical.py:load_hypothetical_scenarios","Requires hash reproduction",""
"RET-001","Service output not currently displayed","Retirement model","Monthly inflation","calculated-assumption","Retirement profile","Converts annual inflation to an effective monthly rate.","MonthlyInflation=(1+AnnualInflation)^(1/12)-1","'=POWER(1+AnnualInflation,1/12)-1","Annual inflation","Decimal monthly rate","Planning horizon","Full precision","0.000001","Invalid inflation rejected.","Correct.","High","Retain.","chat_alpaca/retirement.py:_simulate","Requires independent check",""
"RET-002","Service output not currently displayed","Retirement model","Monthly fee","calculated-assumption","Retirement assumptions","Converts annual fee to an effective monthly deduction.","MonthlyFee=1-(1-AnnualFee)^(1/12)","'=1-POWER(1-AnnualFee,1/12)","Annual fee","Decimal monthly rate","Planning horizon","Full precision","0.000001","Invalid fee rejected.","Correct effective-rate conversion.","High","Retain.","chat_alpaca/retirement.py:_simulate","Requires independent check",""
"RET-003","Service output not currently displayed","Retirement model","Account balances after returns and fees","stochastic-calculated","Sampled portfolio returns","Retirement remediation implements account allocations, equal month-end deposits, fixed Social Security taxable fraction disclosure, owner RMDs, qualified Roth/no Traditional basis assumptions, taxable FIFO-plus-cash basis, proportional basis reduction, and retained surplus cash.","Balance_a,m = Balance_a,m-1 * (1 + weighted account-specific return_a,m) * (1-MonthlyFee)","'=PriorBalance*(1+PortfolioReturn)*(1-MonthlyFee)","Account balances; sampled return; fee","USD","Monthly","Percentile output","Exact with same paths","Invalid sampled dimensions rejected.","Implemented approved methodology with independent reference tests; passing tests are not proof of methodology correctness.","Critical","Disclose common-allocation assumption or model account-specific allocations.","chat_alpaca/retirement.py:_simulate","Implemented and tested","Retirement remediation implements account allocations, equal month-end deposits, fixed Social Security taxable fraction disclosure, owner RMDs, qualified Roth/no Traditional basis assumptions, taxable FIFO-plus-cash basis, proportional basis reduction, and retained surplus cash."
"RET-004","Service output not currently displayed","Retirement model","Contributions","calculated","Profile and allocation weights","Retirement remediation implements account allocations, equal month-end deposits, fixed Social Security taxable fraction disclosure, owner RMDs, qualified Roth/no Traditional basis assumptions, taxable FIFO-plus-cash basis, proportional basis reduction, and retained surplus cash.","MonthlyDeposit = contribution amount for monthly frequency, else annual amount/12; deposit at month-end","'=ContributionAmount*AccountContributionWeight","Contribution; frequency; account balances/configured weights","USD","Pre-retirement months","Raw","$0.01","Invalid allocations rejected.","Implemented approved methodology with independent reference tests; passing tests are not proof of methodology correctness.","High","Explicitly disclose beginning-of-year annual timing.","chat_alpaca/retirement.py:_contribution_weights; _simulate","Implemented and tested","Retirement remediation implements account allocations, equal month-end deposits, fixed Social Security taxable fraction disclosure, owner RMDs, qualified Roth/no Traditional basis assumptions, taxable FIFO-plus-cash basis, proportional basis reduction, and retained surplus cash."
"RET-005","Service output not currently displayed","Retirement model","Fixed real spending","calculated","Retirement profile","Inflates fixed real annual spending from as-of and divides it monthly.","NominalSpending_m=RealAnnualSpending/12*(1+MonthlyInflation)^m","'=RealAnnualSpending/12*POWER(1+MonthlyInflation,MonthNumber)","Real spending; inflation; month","USD","Retirement months","Raw","$0.01","Nonnegative validation.","Correct fixed-real spending method.","High","Retain.","chat_alpaca/retirement.py:_simulate","Requires independent check",""
"RET-006","Service output not currently displayed","Retirement model","One-time spending","calculated","Spending events","Adds the inflation-adjusted real event amount in the rounded event-age month.","EventNominal=EventRealAmount*(1+MonthlyInflation)^EventMonth","'=EventRealAmount*POWER(1+MonthlyInflation,EventMonth)","Event amount; age; inflation","USD","Event month","Raw","$0.01","Invalid age/amount rejected.","Correct within monthly timing approximation.","Medium","Retain rounded-month disclosure.","chat_alpaca/retirement.py:_simulate","Requires independent check",""
"RET-007","Service output not currently displayed","Retirement income","Gross outside income","calculated","Outside-income assumptions","Retirement remediation implements account allocations, equal month-end deposits, fixed Social Security taxable fraction disclosure, owner RMDs, qualified Roth/no Traditional basis assumptions, taxable FIFO-plus-cash basis, proportional basis reduction, and retained surplus cash.","Gross_m=AnnualRealAmount/12*(1+COLA)^((m-start)/12)","'=AnnualRealIncome/12*POWER(1+COLA,(Month-StartMonth)/12)","Income amount; start; COLA","USD","Eligible retirement months","Raw","$0.01","Outside eligibility window produces zero.","Implemented approved methodology with independent reference tests; passing tests are not proof of methodology correctness.","High","Retain.","chat_alpaca/retirement.py:_simulate","Implemented and tested","Retirement remediation implements account allocations, equal month-end deposits, fixed Social Security taxable fraction disclosure, owner RMDs, qualified Roth/no Traditional basis assumptions, taxable FIFO-plus-cash basis, proportional basis reduction, and retained surplus cash."
"TAX-001","Service output not currently displayed","Retirement tax","Outside-income tax","calculated-tax-estimate","Flat tax assumptions","Retirement remediation implements account allocations, equal month-end deposits, fixed Social Security taxable fraction disclosure, owner RMDs, qualified Roth/no Traditional basis assumptions, taxable FIFO-plus-cash basis, proportional basis reduction, and retained surplus cash.","IncomeTax=GrossIncome*TaxableFraction*OrdinaryRate","'=GrossIncome*TaxableFraction*OrdinaryRate","Gross income; taxable fraction; rate","USD","Monthly","Raw","$0.01","Defaults Social Security fraction to configured 85%; other income to 100%.","Implemented approved methodology with independent reference tests; passing tests are not proof of methodology correctness.","Critical","Retain strong limitation disclosure.","chat_alpaca/retirement.py:_simulate","Implemented and tested","Retirement remediation implements account allocations, equal month-end deposits, fixed Social Security taxable fraction disclosure, owner RMDs, qualified Roth/no Traditional basis assumptions, taxable FIFO-plus-cash basis, proportional basis reduction, and retained surplus cash."
"TAX-002","Service output not currently displayed","Retirement tax","Qualified-dividend tax drag","calculated-tax-estimate","Taxable balances and flat assumptions","Assumes total returns contain dividends, estimates a monthly dividend yield on taxable balances, and subtracts only the tax drag.","Tax=TaxableBalance*MonthlyDividendYield*DividendTaxRate","'=TaxableBalance*POWER(1+AnnualQualifiedDividendYield,1/12)-TaxableBalance","Taxable balance; yield; rate","USD","Monthly","Raw","$0.01","Zero yield produces zero tax.","Conceptually reasonable total-return tax drag, but the sheet formula must multiply yield amount by tax rate.","Critical","Use '=TaxableBalance*(POWER(1+AnnualQualifiedDividendYield,1/12)-1)*DividendTaxRate' for validation.","chat_alpaca/retirement.py:_simulate","Formula note","Approved formula is in notes because this row documents current method."
"TAX-003","Service output not currently displayed","Retirement tax","Traditional IRA withdrawal tax","calculated-tax-estimate","Flat ordinary rate","Retirement remediation implements account allocations, equal month-end deposits, fixed Social Security taxable fraction disclosure, owner RMDs, qualified Roth/no Traditional basis assumptions, taxable FIFO-plus-cash basis, proportional basis reduction, and retained surplus cash.","OwnerIRARMD = prior December 31 balance / applicable IRS divisor; ordinary tax = gross RMD * configured rate","'=MIN(AccountBalance,NetNeed/(1-OrdinaryRate))","Remaining spending; rate; account balance","USD","Withdrawal month","Raw","$0.01","Account cap can leave shortfall.","Implemented approved methodology with independent reference tests; passing tests are not proof of methodology correctness.","Critical","Retain limitation disclosure; do not call tax advice.","chat_alpaca/retirement.py:_simulate","Implemented and tested","Retirement remediation implements account allocations, equal month-end deposits, fixed Social Security taxable fraction disclosure, owner RMDs, qualified Roth/no Traditional basis assumptions, taxable FIFO-plus-cash basis, proportional basis reduction, and retained surplus cash."
"TAX-004","Service output not currently displayed","Retirement tax","Roth IRA withdrawal tax","calculated-tax-estimate","Account classification","Retirement remediation implements account allocations, equal month-end deposits, fixed Social Security taxable fraction disclosure, owner RMDs, qualified Roth/no Traditional basis assumptions, taxable FIFO-plus-cash basis, proportional basis reduction, and retained surplus cash.","EffectiveRate=0; Gross=MIN(Balance,NetNeed)","'=MIN(AccountBalance,NetNeed)","Roth balance; need","USD","Withdrawal month","Raw","$0.01","Account cap can leave shortfall.","Implemented approved methodology with independent reference tests; passing tests are not proof of methodology correctness.","High","Retain legal/tax limitation disclosure.","chat_alpaca/retirement.py:_simulate","Implemented and tested","Retirement remediation implements account allocations, equal month-end deposits, fixed Social Security taxable fraction disclosure, owner RMDs, qualified Roth/no Traditional basis assumptions, taxable FIFO-plus-cash basis, proportional basis reduction, and retained surplus cash."
"TAX-005","Service output not currently displayed","Retirement tax","Taxable embedded gain fraction","calculated-tax-estimate","Aggregate taxable balance and basis","Retirement remediation implements account allocations, equal month-end deposits, fixed Social Security taxable fraction disclosure, owner RMDs, qualified Roth/no Traditional basis assumptions, taxable FIFO-plus-cash basis, proportional basis reduction, and retained surplus cash.","AggregateTaxableBasis = remaining FIFO security basis + taxable cash; GainFraction=MAX(Balance-Basis,0)/Balance","'=IF(Balance=0,0,MAX(Balance-Basis,0)/Balance*CapitalGainsRate)","Taxable balance; aggregate basis; rate","Effective tax rate","Withdrawal month","Raw","0.000001 rate; $0.01 tax","Falls back to configured realization fraction when basis is unavailable.","Implemented approved methodology with independent reference tests; passing tests are not proof of methodology correctness.","Critical","Populate aggregate taxable cost basis from FIFO ledger when building retirement requests.","chat_alpaca/retirement.py:_simulate; build_retirement_request","Implemented and tested","Retirement remediation implements account allocations, equal month-end deposits, fixed Social Security taxable fraction disclosure, owner RMDs, qualified Roth/no Traditional basis assumptions, taxable FIFO-plus-cash basis, proportional basis reduction, and retained surplus cash."
"TAX-006","Service output not currently displayed","Retirement tax","Taxable basis reduction","calculated-tax-estimate","Aggregate basis","Retirement remediation implements account allocations, equal month-end deposits, fixed Social Security taxable fraction disclosure, owner RMDs, qualified Roth/no Traditional basis assumptions, taxable FIFO-plus-cash basis, proportional basis reduction, and retained surplus cash.","BasisAfter=BasisBefore*(1-GrossWithdrawal/PriorBalance)","'=BasisBefore*(1-GrossWithdrawal/PriorBalance)","Basis; prior balance; gross withdrawal","USD","Withdrawal month","Raw","$0.01","Zero prior balance avoids division.","Implemented approved methodology with independent reference tests; passing tests are not proof of methodology correctness.","High","Retain until detailed projected tax lots exist.","chat_alpaca/retirement.py:_simulate","Implemented and tested","Retirement remediation implements account allocations, equal month-end deposits, fixed Social Security taxable fraction disclosure, owner RMDs, qualified Roth/no Traditional basis assumptions, taxable FIFO-plus-cash basis, proportional basis reduction, and retained surplus cash."
"TAX-007","Service output not currently displayed","Retirement tax","Unknown-account withdrawal tax","calculated-tax-estimate","Configured flat rate","Taxes unknown account withdrawals at the configured unknown-account rate.","Gross=MIN(Balance,NetNeed/(1-UnknownRate)); Tax=Gross*UnknownRate","'=MIN(AccountBalance,NetNeed/(1-UnknownRate))","Balance; need; rate","USD","Withdrawal month","Raw","$0.01","Account cap can leave shortfall.","Conservative explicit fallback.","High","Keep Unknown classification visible and require owner review.","chat_alpaca/retirement.py:_simulate","Requires independent check",""
"RET-008","Service output not currently displayed","Retirement outcomes","Shortfall and funded status","stochastic-summary","Monthly cash-flow simulation","Adds unmet monthly spending; a scenario funds the full horizon when total shortfall is effectively zero.","TotalShortfall=SUM(RemainingNeed_m); Funded=TotalShortfall<=0.00000001","'=SUM(MonthlyShortfalls)","Remaining need by month","USD; Boolean","Full horizon","Distribution output","$0.01; exact Boolean threshold","No remaining need means funded.","Correct.","Critical","Retain threshold disclosure.","chat_alpaca/retirement.py:_simulate","Requires seeded reproduction",""
"RET-009","Service output not currently displayed","Retirement outcomes","Probability funding full horizon; depletion probability","stochastic-summary","Scenario funded flags","Fractions of simulated scenarios funded or not funded.","FundingProbability=AVERAGE(FundedFlag); DepletionProbability=1-FundingProbability","'=AVERAGE(N(FundedFlags))","Scenario flags","Probability","Full horizon","Summary","Exact with identical scenarios; otherwise Monte Carlo interval","Unavailable if model cannot run.","Correct.","Critical","Retain simulation count, seed, and engine.","chat_alpaca/retirement.py:_simulate","Requires seeded reproduction",""
"RET-010","Service output not currently displayed","Retirement outcomes","Depletion age","stochastic-summary","First shortfall month","Converts the first month with remaining need to age.","DepletionAge=CurrentAge+FirstDepletionMonth/12","'=CurrentAge+FirstDepletionMonth/12","Current age; first shortfall month","Age","Full horizon","Percentiles","0.000001 years raw","No depletion produces blank for that scenario.","Correct monthly approximation.","High","Retain.","chat_alpaca/retirement.py:_simulate","Requires seeded reproduction",""
"RET-011","Service output not currently displayed","Retirement outcomes","Nominal and real percentile paths","stochastic-summary","Scenario balances and inflation","Computes empirical percentiles; real path divides nominal values by cumulative inflation.","RealValue_m=NominalValue_m/(1+MonthlyInflation)^m","'=NominalValue/POWER(1+MonthlyInflation,MonthNumber)","Scenario paths; inflation","USD","Each month/year","Percentiles P5-P95","Exact with identical scenarios","Unavailable on failed run.","Correct constant-inflation real-dollar conversion.","High","Retain.","chat_alpaca/retirement.py:_simulate","Requires seeded reproduction",""
"RET-012","Service output not currently displayed","Retirement outcomes","Lifetime taxes; withdrawals; outside-income contribution","stochastic-summary","Scenario accumulators","Reports empirical percentiles and means of accumulated taxes, gross withdrawals by account type, and outside income used for spending.","Summary=percentiles and AVERAGE(scenario totals)","'=AVERAGE(ScenarioTotals)","Scenario totals","USD","Lifetime horizon","Distribution summary","Exact with identical scenarios","Unavailable on failed run.","Correct summary of model estimates.","High","Keep gross versus net withdrawal distinction explicit.","chat_alpaca/retirement.py:_simulate","Disclosure required",""
"RET-013","Service output not currently displayed","Retirement outcomes","Target estate probability","stochastic-summary","Real terminal values","Fraction of real terminal values at or above the real target estate value.","Probability=COUNTIF(RealTerminal,"">=""&Target)/N","'=COUNTIF(RealTerminalRange,"">=""&TargetEstate)/COUNT(RealTerminalRange)","Real terminal values; target","Probability","Terminal horizon","Summary","Exact with identical scenarios","Absent without target.","Correct.","High","Retain real-dollar label.","chat_alpaca/retirement.py:_simulate","Requires seeded reproduction",""
"RET-014","Service output not currently displayed","Retirement outcomes","Sequence-risk diagnostics","stochastic-summary","First up-to-60 retirement months and terminal results","Compounds early returns, correlates them with real terminal value, and compares depletion in bottom and top early-return quartiles.","EarlyReturn=PRODUCT(1+r_first60)-1; Corr=CORREL(EarlyReturn,RealTerminal)","'=CORREL(EarlyReturnRange,RealTerminalRange)","Early return paths; terminal values; funded flags","Mixed","First 60 retirement months and full horizon","Summary","0.000001; exact with identical scenarios","Correlation unavailable with zero variance.","Useful sequence-risk diagnostic.","High","Retain quartile definitions.","chat_alpaca/retirement.py:_simulate","Requires seeded reproduction",""
"RET-015","Service output not currently displayed","Retirement outcomes","Worst-decile scenarios","stochastic-summary","Real terminal distribution","Selects the lowest 10% of real terminal values and reports scenario details.","WorstSet=lowest CEILING(N*10%) RealTerminal scenarios","'=SORTN(ScenarioTable,ROUNDUP(ROWS(ScenarioTable)*0.1),0,RealTerminalColumn,TRUE)","Scenario outcomes","Mixed","Full horizon","Table","Exact with identical scenarios","At least one scenario is returned.","Appropriate tail inspection.","Medium","Retain.","chat_alpaca/retirement.py:_simulate","Requires seeded reproduction",""
"RET-016","Service output not currently displayed","Retirement limitations","Outside-income surplus","calculated-policy","Retirement cash-flow layer","Retirement remediation implements account allocations, equal month-end deposits, fixed Social Security taxable fraction disclosure, owner RMDs, qualified Roth/no Traditional basis assumptions, taxable FIFO-plus-cash basis, proportional basis reduction, and retained surplus cash.","Surplus = MAX(NetOutsideIncome + NetRMD - Spending,0); retain as taxable cash until next rebalance","'=MIN(NetOutsideIncome,Spending)","Net income; spending","USD","Monthly","Raw","$0.01","No income gives zero.","Implemented approved methodology with independent reference tests; passing tests are not proof of methodology correctness.","High","Disclose prominently or add an owner-selectable reinvestment policy.","chat_alpaca/retirement.py:_simulate","Implemented and tested","Retirement remediation implements account allocations, equal month-end deposits, fixed Social Security taxable fraction disclosure, owner RMDs, qualified Roth/no Traditional basis assumptions, taxable FIFO-plus-cash basis, proportional basis reduction, and retained surplus cash."
"BOOT-001","Service output not currently displayed","Bootstrap forecast","Monthly return history","calculated","Confirmed month-end prices","Uses last observed price each month and simple month-over-month returns without filling.","MonthlyReturn=MonthEndPrice/PreviousMonthEndPrice-1","'=CurrentMonthEnd/PreviousMonthEnd-1","Daily prices","Decimal monthly return","Monthly history","Raw","0.000001","Missing month-end observations remain missing.","Correct.","High","Retain.","chat_alpaca/bootstrap_forecasting.py:monthly_returns_from_prices","Requires dataset reproduction",""
"BOOT-002","Service output not currently displayed","Bootstrap forecast","Circular block sampling","stochastic-calculated","Aligned monthly returns and seeded RNG","Circular monthly block sampling mechanics are retained and explicitly disclose end-to-start wrapping, within-block order, and joint row dependence.","Index=(RandomStart+Offset) MOD HistoryLength","'=MOD(RandomStart+BlockOffset,HistoryLength)+1","History length; block; horizon; seed","Row index","Forecast horizon","Integer","Exact with same sampled indices","Insufficient history rejected.","Implemented approved methodology with independent reference tests; passing tests are not proof of methodology correctness.","High","Retain exact seed and dataset.","chat_alpaca/bootstrap_forecasting.py:sample_block_indices","Implemented and tested","Circular monthly block sampling mechanics are retained and explicitly disclose end-to-start wrapping, within-block order, and joint row dependence."
"BOOT-003","Service output not currently displayed","Bootstrap forecast","Path value and fee","stochastic-calculated","Sampled returns","Applies sampled holding returns, deducts effective monthly fee, adds contributions, and optionally rebalances.","Holding_m=(Holding_(m-1)*(1+Return_m)-AllocatedFee)+Contribution*TargetWeight","'=PriorHolding*(1+SampledReturn)-TotalFee*PriorHolding/InvestedValue+Contribution*TargetWeight","Holdings; returns; fee; contribution; weights","USD","Monthly","Full precision","Exact with same paths","Invalid assumptions rejected.","Correct stated mechanics.","High","Retain.","chat_alpaca/bootstrap_forecasting.py:run_block_bootstrap","Requires seeded reproduction",""
"BOOT-004","Service output not currently displayed","Bootstrap forecast","Nominal and real loss probabilities","stochastic-summary","Terminal values and contributed capital","Nominal compares terminal with nominal contributed capital; real compares inflation-deflated terminal with discounted contributions.","NominalLoss=P(Terminal<TotalContributed); RealLoss=P(RealTerminal<RealCapital)","'=COUNTIF(TerminalRange,""<""&TotalContributed)/COUNT(TerminalRange)","Terminal values; contributions; inflation","Probability","Terminal horizon","Summary","Exact with same paths","Unavailable on failed run.","Transparent definitions, not accounting losses.","High","Keep definitions prominent.","chat_alpaca/bootstrap_forecasting.py:run_block_bootstrap","Requires seeded reproduction",""
"PARAM-001","Service output not currently displayed","Parametric forecast","Historical expected return","calculated-estimate","Aligned monthly returns","Expected returns use cross-sectional median shrinkage; covariance uses fixed diagonal covariance shrinkage; final annual return <= -100% is rejected before log1p.","GeoReturn=EXP(12*AVERAGE(LN(1+r)))-1; Shrunk=(1-alpha)*GeoReturn+alpha*MedianGeoReturn","'=EXP(12*AVERAGE(LN(1+MonthlyReturnRange)))-1","Monthly returns; shrinkage","Decimal annual return","Estimation history","Full precision","0.000001","Insufficient history requires proxy.","Implemented approved methodology with independent reference tests; passing tests are not proof of methodology correctness.","High","Retain source and shrinkage disclosure.","chat_alpaca/parametric_forecasting.py:estimate_parameters","Implemented and tested","Expected returns use cross-sectional median shrinkage; covariance uses fixed diagonal covariance shrinkage; final annual return <= -100% is rejected before log1p."
"PARAM-002","Service output not currently displayed","Parametric forecast","Shrunk covariance","calculated-estimate","Aligned monthly returns","Expected returns use cross-sectional median shrinkage; covariance uses fixed diagonal covariance shrinkage; final annual return <= -100% is rejected before log1p.","ShrunkCov=(1-alpha)*SampleCov+alpha*Diagonal(SampleCov)","'=(1-CovShrinkage)*SampleCovariance+CovShrinkage*DiagonalCovariance","Returns; shrinkage","Monthly covariance","Estimation history","Full precision","0.000001","Invalid matrices rejected.","Implemented approved methodology with independent reference tests; passing tests are not proof of methodology correctness.","High","Retain PSD validation.","chat_alpaca/parametric_forecasting.py:estimate_parameters","Implemented and tested","Expected returns use cross-sectional median shrinkage; covariance uses fixed diagonal covariance shrinkage; final annual return <= -100% is rejected before log1p."
"PARAM-003","Service output not currently displayed","Parametric forecast","Correlation multiplier","calculated-assumption","Validated correlation matrix","Scales only off-diagonal correlations toward zero.","AdjustedCorr=I+Multiplier*(Corr-I)","'=IdentityMatrix+CorrelationMultiplier*(CorrelationMatrix-IdentityMatrix)","Correlation; multiplier","Correlation","Forecast run","Full precision","0.000001","Invalid matrix rejected.","Transparent sensitivity.","Medium","Retain.","chat_alpaca/parametric_forecasting.py:estimate_parameters","Requires matrix reproduction",""
"PARAM-004","Service output not currently displayed","Parametric forecast","Normal or Student t draws","stochastic-calculated","Estimated mean/covariance and seeded RNG","Expected returns use cross-sectional median shrinkage; covariance uses fixed diagonal covariance shrinkage; final annual return <= -100% is rejected before log1p.","Reject final annual return <= -100% before log1p; simulated monthly return floor remains -0.999999","'=MAX(SimulatedMean+CorrelatedShock,-0.999999)","Parameters; distribution; seed","Decimal monthly return","Each simulated month","Full precision","Exact with same draws","Invalid matrices or degrees of freedom rejected.","Implemented approved methodology with independent reference tests; passing tests are not proof of methodology correctness.","High","Validate combined annual return plus shifts remains greater than -100%.","chat_alpaca/parametric_forecasting.py:_draw_returns","Implemented and tested","Expected returns use cross-sectional median shrinkage; covariance uses fixed diagonal covariance shrinkage; final annual return <= -100% is rejected before log1p."
"ARCH-001","Architecture","Extension architecture","Capability; Initial state; Activation requirement","static-documentation","Application source","Displays static architecture status and requirements.","N/A","'=StaticReferenceCell","Application constants","Text","Current release","Text","Exact","Always displayed.","Not a financial calculation.","Info","Exclude from numerical reconciliation but retain in full-field inventory.","streamlit_app.py:render_architecture","Documented",""
